"id","first_name","last_name","email","birthdate","added",
"1","Maybell","Swift","gorczany.javonte@example.com","1974-03-16","2021-09-12 03:22:51",
"2","Annetta","Reichel","jaclyn.koss@example.net","1991-08-09","1978-08-24 17:55:37",
"3","Joesph","Brekke","helena.lockman@example.org","2021-05-08","1982-10-25 01:21:34",
"4","Arno","Thompson","zmarquardt@example.com","1984-12-31","2022-10-21 22:43:55",
"5","Ted","Collier","vking@example.com","1987-09-29","2011-05-16 18:41:31",
"6","Gonzalo","Upton","adams.loy@example.com","1975-08-15","1994-10-07 11:27:09",
"7","Jacynthe","Grimes","klebsack@example.net","1993-11-12","1992-06-17 16:23:29",
"8","Tito","Koepp","terrill70@example.org","1987-05-03","1981-05-29 09:51:34",
"9","Dejon","Pollich","lavonne.ebert@example.com","1987-02-05","2021-05-24 12:06:39",
"10","Madelynn","Hills","enola.abshire@example.com","2014-08-29","2008-12-11 16:53:30",
"11","Lucious","Stroman","ewell.rath@example.com","2019-01-31","1991-08-25 20:00:05",
"12","Haleigh","Cartwright","jensen69@example.net","1971-05-16","1980-11-19 10:32:32",
"13","Tomas","Fadel","rjohns@example.com","2021-08-12","2001-08-26 12:43:10",
"14","Dayna","Harris","herminia.jakubowski@example.net","1982-09-03","2005-09-18 19:04:59",
"15","Ahmed","Metz","price.darwin@example.com","1990-09-04","1993-12-11 19:19:34",
"16","Jaylen","Wuckert","lukas54@example.com","1980-05-09","1997-02-17 17:32:13",
"17","Nikko","Jerde","lo'hara@example.net","1972-06-26","1984-10-10 01:53:55",
"18","Emily","Little","fredy01@example.com","2017-01-31","2007-03-24 19:58:43",
"19","Jonathan","Borer","turcotte.lorenzo@example.com","1986-04-10","1970-03-23 01:25:44",
"20","Annie","Swift","ghane@example.org","1995-03-07","1980-03-18 10:53:36",
"21","Alta","Shanahan","sauer.lois@example.net","1989-12-13","1998-05-21 01:16:34",
"22","Vesta","Keebler","fisher.leonel@example.net","2020-03-24","1985-12-02 05:19:40",
"23","Jeramy","Schiller","chelsey.gaylord@example.com","2001-10-15","2002-04-23 21:50:49",
"24","Katelyn","Bernhard","rosanna.cassin@example.com","1989-09-19","1976-04-15 06:50:25",
"25","Jamal","Denesik","birdie94@example.com","2015-05-02","1988-11-14 04:26:16",
"26","Carlotta","Armstrong","claudie.senger@example.com","1973-10-04","2012-03-07 03:11:18",
"27","Rigoberto","Dicki","beahan.ramiro@example.com","1993-01-21","1978-02-07 20:15:37",
"28","Krystina","Rice","margarete.wuckert@example.net","1972-09-09","2018-09-05 18:05:17",
"29","Daphne","Predovic","marquardt.javier@example.com","1996-10-11","1983-06-29 19:05:50",
"30","Sylvester","Haley","lmckenzie@example.org","2001-05-11","2010-12-20 22:24:02",
"31","Dock","Robel","chills@example.com","2019-08-19","1992-04-24 15:18:05",
"32","Viva","Wilderman","megane04@example.net","1990-04-24","1981-01-20 20:57:43",
"33","Korbin","Mosciski","jaskolski.bonnie@example.org","2008-07-15","2002-01-07 11:10:29",
"34","Bernadette","Barton","kip30@example.net","2014-06-13","1990-05-15 03:34:22",
"35","Sydnee","Stroman","icollins@example.org","1992-05-29","2013-11-21 05:54:21",
"36","Stella","Dooley","jgoodwin@example.org","1988-07-11","1999-08-17 17:52:30",
"37","Junior","Hane","zbreitenberg@example.com","1989-06-10","2001-11-09 04:23:53",
"38","Nico","Herman","cassandra.watsica@example.net","1984-08-25","2009-10-14 11:02:32",
"39","Asha","Olson","go'kon@example.org","1990-05-18","1992-06-28 15:43:53",
"40","Adan","Halvorson","lleffler@example.net","1992-09-22","1980-06-20 21:28:56",
"41","Leonora","Harvey","ngulgowski@example.org","2020-06-27","1991-08-15 11:38:08",
"42","Ellie","Muller","wilkinson.ezra@example.com","1983-06-15","2003-02-25 02:23:53",
"43","Laverne","Considine","milo36@example.net","1996-02-22","1977-04-02 02:26:44",
"44","Delores","Kozey","quinten.lind@example.com","1982-08-10","2001-03-01 15:19:30",
"45","Geovany","Langworth","randy.feeney@example.net","1992-06-28","1971-10-18 04:09:17",
"46","Lupe","Gerhold","tina.russel@example.net","1991-12-05","1975-03-21 22:03:18",
"47","Darrion","Waelchi","smonahan@example.net","2011-07-27","1971-05-30 15:51:18",
"48","Alba","Greenfelder","marquise.gutkowski@example.net","2014-03-24","2010-10-27 05:02:30",
"49","Teagan","Schiller","hoeger.ayla@example.com","2016-09-11","2016-06-01 12:24:05",
"50","Margot","Considine","gudrun35@example.com","2020-08-16","1985-09-01 23:42:11",
"51","Garth","Buckridge","kondricka@example.com","1989-05-18","2019-09-10 19:37:45",
"52","Jordi","Pollich","vwilliamson@example.org","1994-05-03","2013-12-17 18:59:42",
"53","Phyllis","Kunze","hoppe.christine@example.net","2006-09-23","2020-07-08 07:13:25",
"54","Jefferey","Schuster","ferry.jack@example.org","1994-03-08","1981-05-03 16:31:25",
"55","Augusta","Reichert","mfadel@example.org","2009-05-25","1996-08-18 11:42:31",
"56","Olin","Sporer","josefina.schuster@example.net","2020-05-12","2016-10-01 19:42:24",
"57","Theron","Okuneva","rlangworth@example.net","1970-12-27","2022-03-07 03:30:24",
"58","Lenora","Reichert","juanita99@example.org","1974-05-14","1988-11-22 06:34:16",
"59","Nathanael","Treutel","general18@example.com","1984-08-02","2019-03-10 01:21:22",
"60","Dax","Sipes","drew.nolan@example.com","1999-07-01","2000-05-16 22:44:32",
"61","Allen","Kessler","vernon55@example.com","1999-03-14","2000-07-20 00:34:16",
"62","Delphia","Hessel","bhartmann@example.com","2014-09-13","1974-05-20 11:08:00",
"63","Paxton","Nikolaus","umurray@example.org","1978-05-26","1993-07-08 02:22:38",
"64","Malinda","Grant","jovan72@example.org","2015-03-22","1977-03-15 18:19:36",
"65","Misty","Wilkinson","marquardt.clementina@example.org","2013-11-16","2003-02-11 21:21:46",
"66","Mohamed","Kuvalis","crogahn@example.net","1983-11-05","1984-06-02 19:07:15",
"67","Aurore","Spencer","iemard@example.org","1983-10-16","2022-07-21 18:27:51",
"68","Jaylin","Konopelski","o'connell.amaya@example.net","1996-11-20","1990-02-23 16:24:15",
"69","Weston","Sporer","lemke.stephen@example.net","2013-10-19","1995-10-05 06:53:33",
"70","Jermey","Baumbach","marcelina.lehner@example.net","2012-06-15","2009-06-30 08:38:46",
"71","Imelda","Corkery","connelly.emely@example.net","2007-09-19","2001-11-13 01:04:04",
"72","Linwood","Shields","rbarton@example.com","1981-07-03","1980-01-04 02:12:01",
"73","Melvina","Kemmer","hilda94@example.net","2023-07-10","1998-12-10 21:45:45",
"74","Devonte","Watsica","ebony80@example.com","1980-11-07","2017-04-29 05:23:24",
"75","Missouri","Douglas","halvorson.mozelle@example.net","1986-10-28","2007-01-05 06:42:10",
"76","Geovanny","Ledner","lilla94@example.net","1974-04-11","2012-02-24 04:00:55",
"77","Alana","Grimes","jairo.rolfson@example.com","2023-11-03","1972-10-25 21:30:02",
"78","Felton","Schroeder","jessy.rogahn@example.org","2005-07-28","2015-05-28 10:09:51",
"79","Bertha","Zieme","ayana94@example.net","1994-08-14","1971-07-11 16:15:29",
"80","Andreanne","Walsh","braulio95@example.net","2023-01-06","2007-01-19 11:40:28",
"81","Sharon","Reichert","woodrow.king@example.com","1978-11-09","1998-08-10 16:20:11",
"82","Branson","Lesch","johathan.franecki@example.net","1970-10-11","1974-03-03 12:38:10",
"83","Lewis","Huels","alanis.bergstrom@example.net","2017-10-31","2002-01-26 13:45:05",
"84","Keyshawn","Raynor","angel.bahringer@example.org","2000-05-22","1981-10-10 06:14:01",
"85","Elinore","Willms","fadel.hailie@example.net","2009-01-30","2001-03-22 04:06:06",
"86","Ella","Christiansen","ecollins@example.org","1999-09-11","2021-05-09 06:45:10",
"87","Kavon","Bartell","wkohler@example.com","1985-05-18","1997-10-04 09:08:42",
"88","Edna","Mitchell","hermiston.romaine@example.net","1986-07-07","1986-06-06 13:50:33",
"89","Verda","Johns","mohamed80@example.net","2013-09-20","1982-09-11 10:56:31",
"90","Lavonne","Hills","omer27@example.com","2014-07-26","1988-12-05 11:10:49",
"91","Brad","Hahn","thomas92@example.org","1986-12-15","1997-08-17 02:25:32",
"92","Sofia","Rolfson","flatley.abigayle@example.net","2007-12-08","2022-04-30 09:25:07",
"93","Dasia","Kemmer","xgoldner@example.com","1998-06-20","2018-06-08 20:16:02",
"94","Georgiana","Goyette","frami.thomas@example.net","2009-05-14","1997-08-11 20:16:40",
"95","Amy","Bogan","deja01@example.net","1994-09-12","2015-08-24 08:28:39",
"96","Ted","Rippin","owen87@example.com","1974-03-17","2005-11-16 06:48:24",
"97","Mertie","Crona","deron64@example.com","1976-07-25","1997-09-04 14:13:39",
"98","Ciara","Luettgen","skye79@example.org","1990-11-06","1999-07-22 16:41:10",
"99","Kelly","Rolfson","hyatt.kayla@example.com","2003-06-24","1973-08-16 19:56:23",
"100","Marlon","Bailey","rodolfo03@example.com","2011-01-02","1985-10-21 13:29:05",
